index,clipping_limit,filter_size,results
0,4,8,0.086507
1,4,16,0.071524
2,4,32,0.058723
3,8,8,0.103129
4,8,16,0.04031
5,8,32,0.044972
6,32,8,0.039976
7,32,16,0.018192
8,32,32,0.030224